,lower_loc,upper_loc,lower_mob,upper_mob,lower_fracloc,upper_fracloc,lower_newlyinfected,upper_newlyinfected,lower_disp,upper_disp,date,lower_R,upper_R
0,0.017338249734256565,0.04350517827894255,0.12151926477896831,0.21296341675449845,0.18286895004049422,0.4824477493428957,0.07712079709304853,0.10005393315692399,3.651002445944303,3001034.6042994307,15-06-2020,0.625410349830556,0.8054006039320832
1,0.01579453935575237,0.045847786084529274,0.10559582939563418,0.19085070667551124,0.19450453053485459,0.5254434694928669,0.07223083364084956,0.0958389621984787,2.523941949352858,28.058468780407157,16-06-2020,0.5916336315365105,0.7724439747574645
2,0.019970091659511854,0.047404269621072706,0.07238750746907899,0.15725264273992676,0.26430726765964424,0.6157804564502823,0.06295183998006663,0.08356070061632336,2.6118736569334855,2963693.8494229983,17-06-2020,0.5205028026992136,0.6750832247864224
3,0.0104316077482769,0.03831583642269065,0.0640718380538915,0.16587720143377815,0.15196987189746175,0.626117584547176,0.057005914838401964,0.08238601255883071,1.4031127991129306,7.163320631140757,18-06-2020,0.4673955357098791,0.660136070558692
4,0.013689552571954892,0.04041618890395627,0.05250076619806835,0.15865575534279688,0.21181659885698423,0.635290246048311,0.05408717621962805,0.07978925987499742,1.3258502936761054,7.428072413614141,19-06-2020,0.4313595307951121,0.6183426446376961
5,0.01661523305698684,0.040860722389699476,0.019993854081708673,0.06674939349406353,0.30529399919634187,0.7450536435709839,0.047253859269479274,0.0679992961242253,1.393582448577346,9.358299516619343,20-06-2020,0.3172284395255298,0.4709401348996697
6,0.016149030455965985,0.041574869159259606,0.026682216480530846,0.07973127881579692,0.2561393055229854,0.6953257903432297,0.05380573290902597,0.0776149364473458,1.173891750780751,5.916843881553301,21-06-2020,0.3394439707889586,0.49820412087435906
7,0.024679516097584394,0.05849571822505152,0.06035786750195277,0.16988201411308826,0.29919416590618997,0.7278641754259834,0.06542844734499334,0.0973740971866409,0.7400265257275864,2.1516339733917937,22-06-2020,0.5669323828662662,0.8426543861818176
8,0.006866735341923852,0.04931290570429756,0.10825712936582138,0.2699274597817602,0.07187571745822988,0.5429321074766387,0.07287002083507418,0.10992023050293459,0.6118129679265302,1.215243989424714,23-06-2020,0.627797577319725,0.9410859440962145
9,0.018810009832735133,0.05422282471401964,0.06419657083858664,0.1620042826194927,0.23955460632389128,0.6796292840895566,0.06320379523654027,0.09693852545803337,0.603383220273451,1.313198538051002,24-06-2020,0.5361937625389546,0.8317649516581214
10,0.015938300586416355,0.04571805335441614,0.06917785332560089,0.17422927411377923,0.2116390156276294,0.6332914318620049,0.06329591038241747,0.09361462346720943,0.7418826093691143,1.7978620273227048,25-06-2020,0.5408577128056176,0.8028831091217788
11,0.019972664084578682,0.048407213064022264,0.03930642502707442,0.12163584956531365,0.31620483099800495,0.7489884472831074,0.05283511217661643,0.07243164868505195,0.7450499043783404,2.2798312102926768,26-06-2020,0.4492336608898546,0.6070614901453151
12,0.01530651505623928,0.044493668979236956,0.02585215257715253,0.08449551918386826,0.2440027718846155,0.7246556468236965,0.050519242617594336,0.07442179706441483,1.0091086418348032,4.664418445785281,27-06-2020,0.36920024999947204,0.533735597206224
13,0.02982654666290011,0.06040083186833396,0.013926697057048689,0.06921672013108687,0.43045776808013797,0.8710479586423251,0.05863284687718603,0.08249545181365878,1.6246286379926036,5.065906577268991,28-06-2020,0.4226651007262877,0.6226394371578677
14,0.023660901986532774,0.04721920939641591,0.07032659439364257,0.15786112207812078,0.29361394426311216,0.6216048119773206,0.06162166091552556,0.08492305430776949,1.34818710993152,6.12578242493244,29-06-2020,0.5363325300750822,0.7340059636124353
15,0.033359045101182455,0.06247535207970081,0.03204631137432202,0.11783470391133798,0.4528344875410152,0.8358975976603755,0.06546294705441226,0.08824742700544673,2.2662210814796193,469415.48257840995,30-06-2020,0.5739696598770807,0.7743826510091568
16,0.01811598861935634,0.054862139473516466,0.0728613185490249,0.18128763354019065,0.21471513436513115,0.6509079727423269,0.06841982088892201,0.09415352427103436,2.292012896941597,903210.7306094691,01-07-2020,0.5881415583660009,0.8145871607264579
17,0.007386487067806693,0.03626065458942964,0.09938994586352155,0.21759036184741612,0.09026445842625663,0.48751525626630954,0.06495245692989614,0.09837107109146964,1.3903035745596004,5.990146507857557,02-07-2020,0.5583519290211693,0.8455061307119577
18,0.003811129010970798,0.030376669868541362,0.11671868585671438,0.23134924087065914,0.040422184513966286,0.38058387583109776,0.07125043018823583,0.09825828127553156,1.0537758409395144,3.4732149778040307,03-07-2020,0.5967738809946879,0.8160581234845612
19,0.002476459426280898,0.028287291013406095,0.08163091889073136,0.14679298497913376,0.03257579467203814,0.36475491008860156,0.06344613555497813,0.09440075109194251,1.1335595471698736,3.3067632817873167,04-07-2020,0.4094151534774262,0.59241611172131
20,0.01133516992332369,0.05385027233996703,0.0331956298057587,0.14052485852345797,0.1309288308863096,0.7245971662075971,0.067466837799016,0.10281976608679277,0.8646952333929226,2.8996370704961576,05-07-2020,0.4502381086196321,0.6664204209793505
21,0.025417147094536605,0.0780766805880679,0.05708951013664075,0.226914732536145,0.2637091327447228,0.7995828999739891,0.07865258867834952,0.11723631069239668,0.5784002174698646,1.4027897479547817,06-07-2020,0.7150955531571678,1.082035081317313
22,0.02862431651199892,0.07194767075912036,0.08410163207298194,0.2448568771267308,0.2583464680048015,0.6554906185786538,0.08404536427649574,0.12218537192872746,0.6831070797902009,1.6649046761294337,07-07-2020,0.7628159933479486,1.1267452184181481
23,0.02009782064102321,0.06993388148981543,0.1155158097707737,0.2743815195922013,0.1729201055430006,0.5963993248178744,0.09053049888299414,0.1361732536478566,0.5831848516912237,1.545258312709089,08-07-2020,0.8164514970922873,1.2287837063841254
24,0.029576168743924415,0.09211631230042287,0.07121593523896422,0.25781398120908966,0.2591377927046604,0.7752467861474721,0.10168100515636179,0.14210936013843925,0.7385156970038844,1.7724108586154115,09-07-2020,0.9267366223011558,1.2953487969173856
25,0.040548009763750475,0.09608402098511355,0.07548801162182682,0.24557102885355991,0.308509456435307,0.762370462171338,0.10921327744765336,0.14963926376625747,0.7838721563961583,1.6633224250959326,10-07-2020,0.9692272301050814,1.329498654211156
26,0.03470460809610471,0.09636179000420084,0.06857677591446668,0.18349692588296684,0.2588261698980141,0.6835579595334881,0.11451253528760894,0.16556992985990426,0.6676197739223126,1.5052876967576083,11-07-2020,0.8399050408029297,1.2232434510116608
27,0.02162311731113761,0.10951314627736426,0.09584658966454276,0.26879692080267054,0.12305621010793392,0.6365938461501222,0.13807027679073083,0.21674574047038217,0.5190911844858019,0.9049451182721329,12-07-2020,0.9215995635865099,1.5247543259622476
28,0.03751352306644638,0.11375731292036251,0.17868520969693202,0.5132865543758819,0.17856759097405966,0.6415771141929202,0.15648393080159986,0.23152030083306624,0.5359015614317377,0.9697646456784706,13-07-2020,1.477016341290821,2.2296676113734444
29,0.011293762806701439,0.09020921733775218,0.2588088231714977,0.5390576419341544,0.06809162750439152,0.47923107952546995,0.1389314334886037,0.21346832525714168,0.5778165513668211,1.2422040700035013,14-07-2020,1.3488409653038476,2.0815074850441384
30,0.06160419913652994,0.14587747381960287,0.14127157012331548,0.3605989764791461,0.3428797969687625,0.7402409414429005,0.16540254597312398,0.2308429478795182,0.7649489480567506,1.656557518849658,15-07-2020,1.5062783662721375,2.0899723495070894
31,0.0416164059541028,0.1385076954528058,0.1728178247632618,0.5231812280877997,0.1912869390341821,0.67798006897988,0.1647178745260543,0.24620736313787908,0.6423904826688731,1.1852330422751822,16-07-2020,1.5286415981571055,2.307135059439189
32,0.08859651102548756,0.17594123567202777,0.11988241326938165,0.3415177195427897,0.44474922370873776,0.7869709263848583,0.1763491489095048,0.24080987702730955,0.8844236530664896,1.5249193867520388,17-07-2020,1.6034128595877233,2.1875985460832243
33,0.07865707710738966,0.15706970690976235,0.10094683649419212,0.21931933159443362,0.4088534582089241,0.7361290416979085,0.17637326441897253,0.23400453356074813,1.6454753532537496,4.044527063233387,18-07-2020,1.29368891354271,1.7706437183211616
34,0.06469075262959291,0.12323615821938702,0.11599550227762107,0.2160904929201431,0.3481826186915921,0.6290270439385615,0.1583639986637394,0.20554583969557763,1.7035402402367357,3.6136114892982287,19-07-2020,1.1171436210674974,1.4908375327754975
35,0.0526112867101208,0.12226473082558492,0.20436045358679542,0.4135637386398353,0.29234525833254704,0.6465270025295693,0.15481295349951127,0.2037052556077821,1.4900544025925357,3.511234751720792,20-07-2020,1.5204789700622932,1.9697248190899945
36,0.03888951009475021,0.09617634477020985,0.22863162377064117,0.404390642338297,0.24278989739502813,0.5755198547684953,0.1489895034617055,0.19405043394077623,1.6573682604630333,3.1177187472521433,21-07-2020,1.4618202252464756,1.9344540048535466
37,0.03860638906200098,0.09052804996627159,0.22898385624287082,0.3813252771890687,0.25228351590722525,0.5371846332260092,0.1403747254113875,0.18318598023471794,1.499396406482425,3.211675472094576,22-07-2020,1.3555458745896027,1.7870251608191574
38,0.03473428525601736,0.0841241321774582,0.289940942485176,0.44464014293789955,0.2059301004115509,0.477534588441078,0.15245702821665338,0.19045025606175275,2.263751319922793,5.284062092648638,23-07-2020,1.537755029119393,1.910269920307538
39,0.039570954718682945,0.08835352834473317,0.2633496851534152,0.42519246808241196,0.24998212302889267,0.486486795798019,0.15145902804998979,0.19341009344848786,2.1185537406800505,4.690388974548707,24-07-2020,1.4869803072807901,1.922075350456784
40,0.062192521435799564,0.11225952651427704,0.12561963593471553,0.20091191837856137,0.3691894385430559,0.6069679138213159,0.15865418750031907,0.19230130006523247,3.4172815282038966,10.730470980184277,25-07-2020,1.1697496815353714,1.4770299447070196
41,0.041235214633450534,0.09535248295727233,0.14210217736237268,0.23405776896756808,0.2295295953617776,0.5258173769606002,0.16048124090406904,0.19585500161256814,2.163032364469921,4.23717194760026,26-07-2020,1.0540499171754885,1.3971847051958124
42,0.05863214904481102,0.1153250023181125,0.3013022594231177,0.5095807963847226,0.3013582000983807,0.5693201921363924,0.17754585838606812,0.2194894596302244,2.1361691594558416,4.207752821327445,27-07-2020,1.9078088866009137,2.3866803973565243
43,0.07892193554253697,0.14478165577683172,0.2416333982083104,0.4587646904842895,0.3883306822068084,0.6717447854830232,0.1800589541028883,0.23374086922736453,1.7910997486838356,3.541004456035619,28-07-2020,1.865607694298546,2.3929082576644634
44,0.06680144441584462,0.1354080130417975,0.24422761455361286,0.42696827518734803,0.34303854223071983,0.6434372198528068,0.17309245281470273,0.21582308633883757,1.6328897885084352,2.9057275904149096,29-07-2020,1.733229020289058,2.206846297040596
45,0.05220596595473771,0.11813245624643919,0.2794985381238931,0.5037872548353421,0.28022474828342686,0.5931531554030055,0.1775114229629274,0.21686830753075745,1.757565131889862,3.3186249606659852,30-07-2020,1.8550876888756076,2.2698826477139735
46,0.05874356549764245,0.11784272465122128,0.22866957424072396,0.436739698905996,0.3276842370789425,0.6348290484302282,0.16437112930339248,0.20466004837956162,1.7009353116118524,2.900240591136647,31-07-2020,1.6716449161222575,2.0640831282071472
47,0.051416847724431426,0.1048832825900843,0.13172132235956174,0.22012591038456836,0.3090540028676317,0.5876359704905767,0.15374416851666844,0.18914246519060104,1.7719869397360637,3.275678360087805,01-08-2020,1.1233687033124478,1.420441108782272
48,0.06474655011436964,0.12636874527836311,0.12070977421809392,0.2068637045431592,0.36047608012334387,0.6445502312011223,0.1705862627684249,0.20484275700987475,2.163925206874973,4.162175139013121,02-08-2020,1.1655671709925604,1.519753808885613
49,0.07574843345474237,0.1315237067702019,0.2880575463661279,0.47342966706716244,0.38890870817676576,0.6335037524419086,0.1811532234362353,0.22144746931358242,2.088712019029626,4.064378409650323,03-08-2020,1.8729135834751631,2.2905912095603203
50,0.061754693236747996,0.12392041026111342,0.2978494865822399,0.5098025980438026,0.32691648912883986,0.6037513253425242,0.1853150578262359,0.22787104601240973,1.9953808376669342,3.7986084135480933,04-08-2020,1.8877920522588343,2.3573241564839216
51,0.06677175171284908,0.13025160372384728,0.26161273394633194,0.4591727978464319,0.3328870395481739,0.627328390879041,0.18093827065395496,0.22272900821844782,1.9777697420907243,3.8807856428942045,05-08-2020,1.7977078199146597,2.171724075200224
52,0.08416759069087415,0.13709774829848007,0.224416705802357,0.40571691796024223,0.43864311846505005,0.6797784098921985,0.17584919995428316,0.213101122808589,1.9808723650475095,3.6683399456846195,06-08-2020,1.7263732006561185,2.1218370281888435
53,0.07628552670065035,0.15023691008768705,0.19710699815945631,0.4368066279525208,0.4023845054098897,0.7262037078839907,0.17720827779559947,0.2218975739561765,1.647863173423164,2.9072873959910677,07-08-2020,1.7166925852687043,2.165488019808708
54,0.09598027599494574,0.17940617215719576,0.07402610487420576,0.20386405543864783,0.5034088223029713,0.8169475396976925,0.18248865391567756,0.223104818810163,1.8315974556406647,3.2694844874546716,08-08-2020,1.3731937900884779,1.8334385988537765
55,0.08873029512261635,0.14675440278889293,0.06937537395936072,0.15305652266533804,0.5197980290552852,0.782979906785942,0.16191008784856478,0.19476323366163212,3.5564513649550906,7.548805463532879,09-08-2020,1.175221117024619,1.5376527836259009
56,0.08337895355741863,0.13385654834568217,0.14372400100622823,0.2990684282600899,0.5159363174148361,0.7799071233282429,0.1538258116651513,0.18014879521115856,4.608126406095255,11.572104118358215,10-08-2020,1.4608222291664406,1.691624981763777
57,0.07200098759918616,0.11367008087140434,0.15466947738102063,0.3091423646257937,0.47021918035740917,0.7227539744391529,0.1422052778591933,0.171182926449025,2.955986931272825,6.1944647835769535,11-08-2020,1.3355600392136067,1.625026207586531
58,0.06074116899502459,0.10635063512980839,0.13119310715902155,0.27334938355463034,0.43214689121104155,0.7330562621801254,0.1313257627640973,0.15498829836363698,2.979267350805669,6.695533078283356,12-08-2020,1.2081932913656155,1.4159666830889428
59,0.05312700624663336,0.08540632751544136,0.1519893367601593,0.2861934037684793,0.40498071501637717,0.663619671615391,0.1205073495719131,0.1391806837908221,6.036087698324605,25.451418636935593,13-08-2020,1.1062856116668924,1.285366311618002
60,0.04836652589850586,0.0775927505794997,0.1448945840595809,0.2639497616400052,0.39069965270452883,0.632793906691019,0.11420732323010566,0.13275505351087985,6.70264901686978,19.17610672636393,14-08-2020,1.01501435176923,1.179555051093939
61,0.03723876045396674,0.07088967927203747,0.08707097040969819,0.14518434115577897,0.3299641390701085,0.6024398614489617,0.10974554461039884,0.12564194895240025,6.151876462888475,17.33855110131669,15-08-2020,0.700872567471984,0.8662701798258816
62,0.04127103750949975,0.06951249925499495,0.09132547505569011,0.14948468054813993,0.3344453305736678,0.5572437655365586,0.11377275198090811,0.1332365262260071,5.904941441041249,22.518232530833252,16-08-2020,0.728713463608238,0.9069505927472485
63,0.03820785462585714,0.0746875105123234,0.21121201707300133,0.3405221831351192,0.2730955908275215,0.5351313415583132,0.12953734232756792,0.15015593714335806,4.623905198709162,14.359672074496997,17-08-2020,1.1268263619397407,1.30135958367031
64,0.045541056739316285,0.0832373429657919,0.1496989661915083,0.26954478296175804,0.3420774045507028,0.6285013230252611,0.12172667789048344,0.14200625152057805,5.129920694804666,17.569747888596524,18-08-2020,1.0315681904070082,1.2069028182940968
65,0.04449977047399954,0.08060603092057765,0.17251023061678122,0.3055739065574977,0.3014043254345419,0.5789115812884502,0.1282319516125451,0.1510293534156837,4.470083965132295,11.845206516988927,19-08-2020,1.0600123823774836,1.240189835926076
66,0.03749801061521055,0.0707311139759546,0.17464340728864344,0.30102102609196146,0.2854535914569414,0.5562618519430348,0.11676678267499153,0.13758101076697252,5.200159832859558,20.17842478509823,20-08-2020,0.9510559998843852,1.1230933851686657
67,0.04578356728349289,0.07930650959693791,0.12413442362395972,0.2454539588891277,0.365749348973471,0.6563519551818325,0.11027032733881664,0.13151995402379016,6.669159213016827,24.80378148806339,21-08-2020,0.8902398966007699,1.038579821385745
68,0.041655445061123904,0.07511347659380647,0.08648924227277294,0.17044885960083153,0.31736049130636823,0.6073073486131456,0.1180712982876823,0.1387099875791996,6.566914668364505,35.459352856475,22-08-2020,0.747801738516882,0.9142093262232742
69,0.041945612669035834,0.07097239870333451,0.08321711025193089,0.14248363271736983,0.34495980633220574,0.5928395414102706,0.11289440565520374,0.13121855878773908,6.889813911919632,37.430476429836034,23-08-2020,0.6918541243694871,0.8433490616789052
70,0.039465411428822345,0.07068829530585838,0.16896328245964198,0.2925635360179358,0.30100322057315915,0.553881220075917,0.11993770065544286,0.14171824106412476,7.231665022583346,87.08451702479648,24-08-2020,0.9210959534940726,1.0822404784744712
71,0.04229118752006435,0.07030130047514806,0.15201172033125945,0.2599889258363436,0.32985589805940907,0.5734402659363208,0.11656643957925836,0.13657456170713816,5.642830636113592,35.358605678679936,25-08-2020,0.9321689838728721,1.0644467102456956
72,0.046772986363671776,0.07801840685670597,0.13108888228830762,0.2428729390499335,0.36201483255456385,0.6228192266649205,0.11741631069673025,0.13689119141876452,7.129737073120197,54.55611388954235,26-08-2020,0.9385257670103283,1.0753314661861653
73,0.05027624357061471,0.07834806724623071,0.11832717201512756,0.21413167008365624,0.41075908339414385,0.650298382273835,0.11437430518807166,0.1345873567153874,5.708781979092512,25.111585264318702,27-08-2020,0.9280343152445237,1.0908957907568184
74,0.057322693105006955,0.08552966352876157,0.09798256982682102,0.19157057112945286,0.46440385513076254,0.7029462480575422,0.11486586856277348,0.1331446803885598,6.222576634473091,22.389049192849573,28-08-2020,0.9365078174664581,1.089090833577096
75,0.054797204076663546,0.08376169425916763,0.07495212552440511,0.1300416102457225,0.43292810421244987,0.6591725509775423,0.11654621455912967,0.134339240262829,5.318818155951597,16.8200788651265,29-08-2020,0.8211035504154961,0.9772333438070008
76,0.03644886142678175,0.07537374201508562,0.10450570252196882,0.17795523556522222,0.26727780261762396,0.5638043046780923,0.12480894710452928,0.14577768458873794,3.7495241720302506,7.176508131766914,30-08-2020,0.7960212713995661,0.9853431594611309
77,0.04720659312157269,0.08614972016919069,0.19376948097098076,0.29802279410903426,0.30732528205638227,0.5493297972837029,0.139609730445333,0.16111564905368592,3.3557697248467746,6.0783421698261435,31-08-2020,1.1942184970840088,1.3776432198610102
78,0.052052471245749105,0.09393763012563572,0.18418106929231204,0.2888084003277664,0.3441800799563467,0.5657711997907874,0.14679785199255904,0.17125363317605266,3.528537663603347,6.271318897209618,01-09-2020,1.2679925447582696,1.4832138997956872
79,0.053760238673536014,0.09236771474950399,0.17267926469937003,0.2768581496954608,0.34579485951523053,0.5808185901236611,0.14907121061398032,0.17187580207235348,4.021088878206646,6.5066345484921975,02-09-2020,1.2610665319559426,1.4594321164102624
80,0.06409128097046247,0.11197000198425465,0.16904055851867497,0.28268764924625833,0.38272941529157145,0.6414666604259456,0.15664826330947493,0.17950401056949705,4.606778415935727,7.721204828557058,03-09-2020,1.3729878913803553,1.5742785822265972
81,0.06316501592615346,0.10629159287325687,0.18727400156807977,0.2987712544229905,0.36342230840443523,0.5848585292219888,0.1658289213980504,0.18692680145439391,3.563200023701768,5.7745688393131385,04-09-2020,1.421402174464536,1.6062309177631642
82,0.07261384545704187,0.11229079234876517,0.12765329964140917,0.19510797599828483,0.40945052120695924,0.6164197169353955,0.17172688517636903,0.19357855014457886,3.4157710397202212,5.645521676357148,05-09-2020,1.2418971732765907,1.436783017060715
83,0.07152477107424371,0.11423899035172656,0.1339517817479712,0.19207969548113143,0.39201991914570655,0.6042178936779472,0.17099610293886572,0.19737974711809067,3.7456904485823492,5.8619130134016695,06-09-2020,1.2181385991905558,1.487824048427474
84,0.09574351161022619,0.14096307128491653,0.1760699877943225,0.2763290525797449,0.48527447488188413,0.6782665232607642,0.18488428314108654,0.20946823335209838,3.568050679037202,5.683405728402457,07-09-2020,1.644636206694979,1.8602586310204583
85,0.07247330119856517,0.1244312297384505,0.2096292331288841,0.33701971116941626,0.3787174572471325,0.6171164327955394,0.18298190775587242,0.20860736776727098,3.0662877867841716,4.449335634727405,08-09-2020,1.6398595517664782,1.8627690383404938
86,0.0874784113534877,0.12742544732241343,0.1792105996672817,0.2810434623216621,0.4487062566562084,0.6509777645408673,0.18315301040561902,0.20739680514369763,3.4495799659194253,5.558659769787329,09-09-2020,1.5924003013097237,1.8031296482024899
87,0.08089330257007772,0.1299180114100165,0.22432025829939417,0.33201875195085695,0.3921434433386527,0.6053882148131522,0.19474007661741455,0.2238692108464772,3.3606651867444666,5.231478326641059,10-09-2020,1.711545758534841,1.9671772725005479
88,0.07133554464675355,0.11689876552918295,0.2321606232141479,0.3213939540553041,0.3585394760148072,0.5531383304778207,0.18772373230133296,0.21369103038955853,3.432689821799523,5.203607256194968,11-09-2020,1.6023239825895512,1.8272334259411211
89,0.07018786311791375,0.11916345670777592,0.17957510763664047,0.2490217025366255,0.3428352467338228,0.5392220208192602,0.19886817912617993,0.22908869543243196,3.2758016273481436,4.607929928007824,12-09-2020,1.3941505910130603,1.6682647048880692
90,0.08833114848006005,0.14063472054421386,0.153413855683128,0.22936762826297225,0.4034311433333789,0.6057880596324801,0.20943063235232975,0.2372737769875703,3.0625989394780913,4.372567713578825,13-09-2020,1.49574554085014,1.7745725745436798
91,0.09063945048665842,0.15425938643511825,0.22380426193638553,0.3231996454955861,0.4206501579082985,0.6310105586400931,0.21620637154591144,0.2464347643342049,3.4809167442913496,5.0304126858597344,14-09-2020,1.8493884136072594,2.1097472102873347
92,0.11959794466409054,0.16230949286080457,0.2099343492254514,0.3040201170319211,0.5088103659311524,0.6616250462448211,0.22662752605046835,0.25551199728616847,3.887235048148098,5.702897036401182,15-09-2020,1.9453332791877407,2.1928315496072077
93,0.11864791749449292,0.16521314423397562,0.18772946882733302,0.2796985658543478,0.5107849001176021,0.6870685243935101,0.2230478797087893,0.24712107752585175,4.476341781247488,6.330393128660581,16-09-2020,1.891317710266515,2.095187573502389
94,0.11569423667092942,0.16864281561269254,0.18481672830910903,0.29423141975311,0.5081699718271104,0.6909070600549965,0.22263096614641875,0.24853796682532459,4.568905279178338,6.306253324381225,17-09-2020,1.8962883991827963,2.119592484107524
95,0.11719295245555524,0.16080565953980497,0.16628875548876101,0.2522277168620052,0.5330017789505864,0.7052477374895834,0.20926230098595622,0.23649426768204598,4.62056738260188,6.496305545587273,18-09-2020,1.7510057818748197,1.986170091214614
96,0.11475960945768403,0.15658340038833035,0.13609835846927462,0.19660375705802316,0.5143152418074091,0.6704395702864668,0.2167642231092934,0.237480302886376,5.874403704815009,8.52902310205691,19-09-2020,1.6178663121095704,1.8154631146761144
97,0.12521930786404764,0.17099878735718524,0.10120154967524102,0.1621935693575018,0.572425577920142,0.7440404629982521,0.21532372181124304,0.23473304103314582,6.129648670487045,8.831356361765588,20-09-2020,1.6069049234559232,1.8327841272371337
98,0.12171267092387009,0.16498707526891795,0.1819563703180584,0.2788081653604791,0.5278625711845427,0.6952396020440195,0.22367680901088285,0.2438970762922814,6.0864055241937525,8.352129357405106,21-09-2020,1.9012789580593763,2.075022991110866
99,0.11494068228688722,0.1579681086358791,0.20246879957359737,0.29153509586178067,0.5020315669491502,0.6637155994872923,0.2245967827024292,0.24438281919177085,6.00008526226292,8.599777492256376,22-09-2020,1.8923598357090718,2.067046389779822
100,0.10265779333202292,0.14416737578094835,0.19587700565152955,0.27668596139891716,0.47543441518788937,0.6338622350680116,0.20945274957893104,0.23184205666232716,5.755814195928436,9.072291261901164,23-09-2020,1.7200097819855256,1.9204521792964846
101,0.11221285970029923,0.14041025403815163,0.17315025665653494,0.24026510361690026,0.5316190499228097,0.6601807929739538,0.20299828100984632,0.21855446092015782,7.713519263717905,11.26222538747047,24-09-2020,1.689586255697821,1.826298549679088
102,0.1096635831018628,0.14529802947159887,0.1467663345498592,0.23009721639435057,0.5289252819476314,0.7024900803510304,0.19867472744105116,0.2164992068585636,6.840839554753323,10.31206405223935,25-09-2020,1.6330585693428135,1.7829162057242838
103,0.09397398297991018,0.1305008463817056,0.14063195695777791,0.19920296184681524,0.4568971223038955,0.6218828889627376,0.19923312744852337,0.21699687541225446,6.527270976402883,9.695219112935023,26-09-2020,1.4290647377351373,1.6030615249144333
104,0.1100484502317237,0.14550358965203322,0.11953938159844267,0.17877002984394966,0.5275027278734761,0.6784466422082677,0.20269255970539182,0.22087308929980917,8.081044997505568,11.892642923829717,27-09-2020,1.4836867405292804,1.660511555062973
105,0.09884870153595324,0.14419281464652542,0.17078733206296334,0.26897806079475944,0.47541450734118296,0.6678069923464546,0.2053203899910335,0.22163862717533983,7.707597489138262,11.308487065944874,28-09-2020,1.6940231890458686,1.8312579546411833
106,0.11278900166738275,0.14254064228929128,0.18041318210418014,0.2582251902313127,0.5201641783920795,0.6580348473581874,0.2108425747528219,0.22558601827854521,9.372452217873725,13.902757137163675,29-09-2020,1.745687969881896,1.8697443548750743
107,0.12059761568399231,0.16211429505988093,0.17256127249760062,0.26133323911784234,0.5312859478724796,0.6914189173638631,0.22103708430725097,0.23762840234125623,10.559129577402373,15.645089069256274,30-09-2020,1.8317623658151942,1.9778244538903684
108,0.1177907170705554,0.1569918695317833,0.19008999604012136,0.273692322161766,0.5259054113245282,0.6759680543808834,0.221781264382503,0.23766063383182892,10.89934330768363,16.8529261699491,01-10-2020,1.849167420628985,1.9855372931035797
109,0.11316928707227163,0.14827395328508203,0.20186835474017822,0.28284138631108213,0.4938441757565411,0.6404558176607166,0.22237920785009102,0.23886783752116797,11.20933704461124,17.38117809189652,02-10-2020,1.801030586223662,1.942349887776965
110,0.119636417651943,0.16026134724543128,0.16331137664738918,0.23931057987725143,0.4886792160535897,0.6478494509926712,0.23706891497466206,0.25561578340805347,8.008594628896432,12.119993697993626,03-10-2020,1.7522665658031429,1.9064118088110096
111,0.11484237109336004,0.15263619928911157,0.17776240920329847,0.2503307091515179,0.4577958290337363,0.6106623861243373,0.2439071163316951,0.26188034000647153,8.685392393215853,12.154541683210224,04-10-2020,1.7393063887807214,1.8991049775650712
112,0.12375320529784006,0.1572996682671827,0.22610657220762725,0.31320970858036845,0.5071318100837086,0.6440095505822566,0.23819553898811024,0.25149697695512363,14.676207471828995,22.133637596629328,05-10-2020,1.9790919763465458,2.0947356843156095
113,0.13428165694333188,0.16523009506843053,0.22463321211984766,0.3131435035683434,0.5330511491628591,0.6558165871033623,0.24529451416794465,0.26055234499551405,15.653322658739201,23.76064051215203,06-10-2020,2.0402769578201023,2.1629913285983737
114,0.11858209500278499,0.15151761350191056,0.23013715541239657,0.31701067592530763,0.484004279657122,0.620692252878259,0.23899378438767716,0.2527375360503097,15.246897085666953,23.087738176178867,07-10-2020,1.9342844149328948,2.0389931954410225
115,0.1170757301059782,0.15076193919347491,0.2351968576899581,0.33736425369462725,0.4764328162620371,0.6175499277314647,0.23788052943766416,0.25565181275143295,13.134832937146564,19.276624186614697,08-10-2020,1.9362756272329706,2.073873505289807
116,0.10833787638022477,0.1482976727684159,0.20895012598676738,0.31896184513703774,0.45290910206524937,0.6243693088925942,0.228553438361071,0.24678717194324853,12.157944204160167,18.965643995199617,09-10-2020,1.8231279062518246,1.9445957522484707
117,0.12860161834423564,0.1638168495123992,0.11569812229716361,0.1955968793287974,0.555340438322067,0.725046982443059,0.22119939082426368,0.2364886575339034,14.647268455333428,21.16766925711458,10-10-2020,1.6516105907255365,1.7700862459906799
118,0.12531309835028973,0.15106313106492628,0.11913668747388607,0.17716209968861768,0.567355063164981,0.7015526900762366,0.21235976141358948,0.22381430182417344,22.562298315388944,33.75118963478439,11-10-2020,1.5651244149296066,1.6569766502343328
119,0.11755391233662649,0.1485030795682474,0.16752074270087944,0.2703385903769256,0.5459881817460678,0.7089198110409749,0.2070332190134872,0.22043250316665877,20.20616450474838,32.58976488642485,12-10-2020,1.7089382988073927,1.8115232977112319
120,0.12146814806620664,0.15042546598600126,0.15217266769438068,0.2530120161067471,0.5720660530496351,0.7282993042060659,0.20322363687917888,0.21645534770573763,19.41751429915247,29.642403014603318,13-10-2020,1.6848820605169978,1.7739811382616728
121,0.12737383888607634,0.15525272426752174,0.10429634467456168,0.20731989846142276,0.6137445625981589,0.7973074747015775,0.19348795227500776,0.20768713151405063,14.636095984478317,20.094669022287434,14-10-2020,1.5856869498684831,1.6831018591027538
122,0.12670922965131792,0.15636441644807325,0.08096589782747073,0.19870447141318257,0.6414107658444377,0.8438564492269853,0.1838913341510632,0.19893190704342129,15.303895126144548,23.645462602492962,15-10-2020,1.5380429880149002,1.6379085922283847
123,0.1188024335639711,0.14168834204158184,0.0965818456288107,0.17785850333524744,0.6433043581674832,0.7953186504433126,0.17512216668282443,0.187028245376052,22.908113650534002,38.23408191629126,16-10-2020,1.4364680673823846,1.510829986866168
124,0.12009471785880074,0.14519878531382352,0.049841621710866896,0.11888017403256557,0.667735486808004,0.8495683142322452,0.1670292671658466,0.18114736713610616,21.52245107091072,34.82125857712733,17-10-2020,1.3110514855465623,1.4028546513760287
125,0.10519163453776445,0.13284305430350685,0.08547453418384619,0.16662020698922225,0.5616859397732072,0.7553710236472416,0.17502646947693368,0.1914496854182279,20.43636486826429,30.26233181458779,18-10-2020,1.3097920604924593,1.3883510997486914
126,0.10514566055732677,0.13034676091733186,0.15015060304183053,0.2566975293283565,0.5589127945345103,0.7266544488905603,0.17849147097390622,0.19366745535213725,17.616412507150095,27.918942701200006,19-10-2020,1.4715476700908454,1.5670479811712295
127,0.09646059118692804,0.12898361343586429,0.1670832463628311,0.31754820216315677,0.4774875629582947,0.6985316987055858,0.18216533659756085,0.2014914879203767,16.877641731378894,26.20624669948583,20-10-2020,1.4877505344113897,1.6093681255603205
128,0.10030242168756714,0.13116858931702463,0.13930367250152453,0.266457521543707,0.5240000004084623,0.7337392157607802,0.17816923194749545,0.1936051231808108,19.76599371274971,30.160737245409795,21-10-2020,1.4336549710384359,1.5050686494785972
129,0.10362742385173798,0.12824977546482944,0.12841855638134964,0.2524248632318751,0.5490362394112203,0.7488841203049517,0.168818019454017,0.186810371136997,19.08717394510891,32.07347927038162,22-10-2020,1.3635498768249945,1.4507302874590484
130,0.11064182366571285,0.13313540936250376,0.11092276315659784,0.2109655130932702,0.5996074579225703,0.7725416501331629,0.16932529915285258,0.1871279214440733,24.94236547431576,39.468383319794974,23-10-2020,1.3625516448213408,1.4382718219373827
131,0.103256634426673,0.13429991742302594,0.05553405982106782,0.16443278087421037,0.5530603384117857,0.8262097168648682,0.1652081270228087,0.1902770184628041,18.171728486599783,29.898450260028405,24-10-2020,1.2188626452644813,1.3034610564639244
132,0.09419855821298591,0.12243227398864374,0.06275301794367119,0.18029674935679418,0.5058443183749805,0.7979040552202278,0.15791849564197835,0.18550361334281665,16.987157493192246,25.828885022191145,25-10-2020,1.146166837806135,1.226514995034081
133,0.08144135030034577,0.10700112631538095,0.12153692334743657,0.24346385560284517,0.46787767057098156,0.6968134119048514,0.153300702368858,0.17784778284470307,15.320570120042467,23.927326816825417,26-10-2020,1.13722511701321,1.2114632300006962
134,0.0901567319378063,0.11598403134407677,0.0979287343144333,0.23111610954683984,0.5022282306523324,0.7544821164448716,0.15334230981015765,0.17825193410205908,17.552860084714744,28.723524744044056,27-10-2020,1.1592974268883844,1.2233574704281205
135,0.09233145029532973,0.12088674491023421,0.05646205678321718,0.1826969088535208,0.5558097022328765,0.841754968466156,0.14242176670249382,0.1659516664688598,16.919279919480168,28.646673959417967,28-10-2020,1.1111748105920836,1.1723199350069011
136,0.08575734647149189,0.107449437152486,0.03667909466008248,0.14228311520844947,0.606191405688246,0.8818770790516156,0.12110790000655268,0.14477507253036043,21.585411756566568,39.149354876895906,29-10-2020,0.9712349378747004,1.0206914549732202
137,0.07811062483491674,0.09970821323530663,0.022859965621946227,0.1355495597029224,0.5812911048441295,0.913417022158101,0.10894819818897186,0.1356690566720283,19.742480784491622,35.80801919828976,30-10-2020,0.8778835522257319,0.9275880294542607
138,0.08636818130954865,0.10764664532245972,-0.044379672036130004,0.047103002775254116,0.7779731058645983,1.2749979482728073,0.08353613789591637,0.11173624701492181,17.711672585994354,31.243574148529362,31-10-2020,0.813333017522299,0.9748460702802915
139,0.0795582798634528,0.09597195616902263,-0.02005658657348736,0.05975388132272,0.7275498206272413,1.1192376394312924,0.08451529843524208,0.11023333516739747,21.16832757947031,43.007868818797114,01-11-2020,0.771298872331192,0.861003342415425
140,0.06784506739602013,0.0825180016213195,0.03948577790811257,0.12487800570967661,0.5798666697614979,0.8404933243011717,0.09643921122156875,0.11700571575675277,31.36557858685029,66.04187205606083,02-11-2020,0.7590086013814537,0.7918936300096951
141,0.0657105861871561,0.08555168170022567,0.003311803951763414,0.11433079455434803,0.5980605014806413,0.9847787543625292,0.08454855098878708,0.11127118839157772,27.279757156787223,50.84312487472442,03-11-2020,0.7181206900625362,0.7672154949506871
142,0.06761404198145818,0.08221526588427996,-0.00021402568713860194,0.08386450836911313,0.6677553141212796,1.0011079008238042,0.08159323850532053,0.10281519152417942,34.03007548294113,80.91392588988695,04-11-2020,0.6989339208670482,0.7370695665750185
143,0.06458807106578661,0.07968163899361573,-0.012701998441048995,0.07182338916180582,0.6974048563982372,1.0666886321642737,0.0740788771492044,0.09366740860181196,32.57430348265624,88.92935382032633,05-11-2020,0.655182258282346,0.7147094426698788
144,0.05779016336012243,0.0699783514212607,0.011929073831861174,0.08242387435740388,0.6276722897961742,0.9334890998307201,0.07387124896052888,0.09057823677959767,49.80763042910202,154.30496357209898,06-11-2020,0.6026540442278259,0.6366527471583392
145,0.06076328238541386,0.07346239462069362,-0.0049699132246802,0.05321210603144226,0.69393926876309,1.0360942286068542,0.0706900854168743,0.08932020670160484,44.21231295529505,147.98045950535248,07-11-2020,0.6047711828175591,0.6564674593700885
146,0.06380129008347116,0.07606188188629785,0.0051388311615986615,0.061088655365178365,0.6751520453109359,0.9667941262672132,0.0774514000222694,0.09407472953635657,40.26212565890249,141.48149428216956,08-11-2020,0.6258467790808987,0.6819461256038796
147,0.06905685143531697,0.08349645429401675,-0.010477659581161747,0.0744076996622675,0.7034456109671718,1.0510922860874874,0.07992771431051308,0.09959544653558745,34.34813925236918,76.8181001125288,09-11-2020,0.6956320416656536,0.7474585402654135
148,0.07185816463585504,0.08858677020897263,-0.009174684469131571,0.08565256034653757,0.6823995413847943,1.0423334487289841,0.08452252740767328,0.10577448745691101,26.76172147031177,59.22286519147804,10-11-2020,0.7389641150450377,0.7918269507394897
149,0.07687320036499823,0.09430372734034807,0.006123614493261715,0.08636974087496947,0.6899824337469009,0.974099347297274,0.09423543845985095,0.11415000085028848,27.766968973560484,64.0918743829901,11-11-2020,0.7927352166726135,0.8495631167437719
150,0.06736450868924387,0.08499176143120085,0.01964089020517004,0.12115805951368322,0.5849518780486556,0.9152046832206503,0.09259080243224675,0.11601316333912753,25.917502427210987,54.058109832984265,12-11-2020,0.7572851872324654,0.8014534092068845
151,0.06951999657546708,0.08724357308198488,-0.005929653586744566,0.08227134257559347,0.6724301669752916,1.0293009373835076,0.08436136763686489,0.10553616534100946,29.481925420316095,84.05757096916075,13-11-2020,0.7176343936284904,0.779298038125654
152,0.07285713033141208,0.08869229841922527,-0.0001889189224545908,0.06001960700978027,0.7106204602156376,1.0010672487282752,0.08769356834828532,0.10427607159774731,24.26755515509346,47.09735167419994,14-11-2020,0.7217567908182912,0.7924220998958011
153,0.07445797913018791,0.09333935219717897,0.0046693776564066345,0.08208587375007893,0.652464511835408,0.9764325481057297,0.09431595342676741,0.11515189971699147,19.83273203083738,36.41188506856669,15-11-2020,0.771751730108839,0.8413545963580116
154,0.08072771246071103,0.10057873932983723,0.0175899747316366,0.11481662813553553,0.6403860886068468,0.934499722338477,0.10730478051009756,0.1270465204229253,19.84582363988591,36.254051099868484,16-11-2020,0.8773884958955982,0.9281771603151765
155,0.08516313038194373,0.10731272519297916,0.042424087129507494,0.14432759232855485,0.5986313643093698,0.8663042923615931,0.12198853015817251,0.14282203939692423,19.5735926886967,34.45767403251119,17-11-2020,0.966485405867983,1.0288486782174324
156,0.07788698611311982,0.10196881101048082,0.07525558146763427,0.1814991108434909,0.5069773414389741,0.7594808941802706,0.13061020974794385,0.15364267562835304,16.211863958988506,27.101259284321706,18-11-2020,0.9788967718118393,1.0469474251499205
157,0.0867190232883479,0.1069294857452821,0.036266875928026555,0.12611479408107118,0.6356701212255549,0.8781224765928898,0.12213531844330454,0.1398494923943902,20.12922115621336,44.997876752333426,19-11-2020,0.9592667333716048,1.0205068109546873
158,0.07786755635894634,0.09698815406799367,0.04972477937090789,0.12409713889189516,0.5969640600341236,0.8201901860162636,0.11621879133796728,0.13140592632754478,18.48466481469306,33.1019115546356,20-11-2020,0.8849197175199922,0.9467308132160642
159,0.08503760940924394,0.10561537398426508,-0.004114258494024878,0.06642698916099057,0.715197206237655,1.0207364795922622,0.10123815111847728,0.1200589516574466,19.18669546479341,36.33525631866981,21-11-2020,0.8396367926997269,0.9418932279234453
160,0.08171807270488486,0.10056750047626305,0.012040505981834424,0.07484417042404076,0.6812085866753044,0.9413059871850578,0.10608990230353618,0.1227015016005331,23.648453761384836,43.47729515931931,22-11-2020,0.842883831784419,0.9121040172502105
161,0.08278915742125946,0.10454834163242557,0.03720676897877066,0.13270524514724708,0.6076064439493032,0.8731628572922474,0.11793516779906771,0.13651644624057216,19.206784427885307,34.50357953706566,23-11-2020,0.932005400325003,0.9926810592695449
162,0.08769804605701488,0.10778611495190922,0.03614294581370107,0.11208725416014677,0.662453948827596,0.8801704861802168,0.11945128944126553,0.1346703624152087,22.587996351700454,43.762259419415294,24-11-2020,0.9506046782097416,1.0039340419473166
163,0.09046698649401554,0.11041955289228925,0.03823299155899956,0.11740121072203247,0.651727176356011,0.8715934938754445,0.12518391925984826,0.14198217190540505,22.300799097335346,41.1279405453728,25-11-2020,0.9802137833185608,1.0392481442169579
164,0.08585967723787419,0.10510794066858836,0.04229773079421559,0.12070439987819877,0.6341711190022827,0.8561051692264507,0.1217639358971005,0.13823234973175658,23.7741321504046,47.724093334941166,26-11-2020,0.9588099586635789,1.0057735957604486
165,0.08520283478255931,0.10670137372646372,0.05758185522033078,0.1449102677678173,0.5730832964663728,0.8095429858915203,0.12769710106768697,0.14791489708343702,20.03947862584285,32.60210652811051,27-11-2020,0.9683567462283476,1.029010853151589
166,0.09290048072422596,0.11110646101584197,0.020766746959643655,0.09006486004658572,0.6624937200827273,0.9105003670164489,0.12147990097245917,0.14061084643316948,21.331984461666533,39.59081163268923,28-11-2020,0.9482421996867885,1.0196517677474528
167,0.08950777913563393,0.11164940021619829,0.0416972963409497,0.11564912554201694,0.6021175693049936,0.8353231183030676,0.13278877668572764,0.15037694725898862,19.99202294873754,36.6772284449972,29-11-2020,0.9807784304473715,1.0489019131542714
168,0.10217294306267091,0.1283479111289772,0.06513618639203565,0.17599657001856886,0.591181877673356,0.830210556818392,0.15420389040754368,0.17269851288791882,21.763235668345786,43.73634278723356,30-11-2020,1.194751115565846,1.2478971924792936
169,0.11543104068393788,0.1425193137647562,0.08426570142948898,0.1925559266119986,0.6007392122197303,0.8071068215859245,0.1752030785476633,0.19480019890411876,17.8839112685743,28.999605980482507,01-12-2020,1.339391987732769,1.4144323971137789
170,0.11826931840121474,0.15569309824799554,0.06935754670873727,0.2064041731011835,0.5793441465473852,0.8404457307710216,0.18265395346826907,0.2085676489498245,13.784594883594302,21.831873653926422,02-12-2020,1.406213597925157,1.4770040008864693
171,0.1286809660431383,0.15975844572492198,0.04447118323994903,0.1802061299054156,0.6358554431871946,0.8988880239046011,0.17789353698919366,0.2055243870099594,14.754077113305252,21.954448111622707,03-12-2020,1.4090870544687735,1.5004557593000638
172,0.1299841964524063,0.16023435258224672,0.051633397496416794,0.16776920140223758,0.6357024098477541,0.8757507035436947,0.17970447847325033,0.2038030166725364,16.248692912302104,26.922245886708932,04-12-2020,1.4010080491829993,1.4933310411313137
173,0.1291710478963056,0.15537182250074452,0.054534215043473284,0.13873430655319752,0.636439888411658,0.8393450540442237,0.18347468067376735,0.2064955905508477,18.94147182082786,29.21332780274638,05-12-2020,1.345499542505874,1.4480029204216922
174,0.13237374673372523,0.15890841751644186,0.05839359885232297,0.13719123119934507,0.6520467059242692,0.8414940151056953,0.18575560802340918,0.20576468145595686,21.881407022628917,36.04358837482369,06-12-2020,1.376841958674396,1.4860452647026605
175,0.1260875893135806,0.1530807808408017,0.10940463658990064,0.23594719085281077,0.570387548933245,0.774147816492451,0.19571373293326902,0.22301330669781666,18.71221826435791,28.53855711230332,07-12-2020,1.4755626243662447,1.5719048929602424
176,0.14767050650266128,0.1782326334262137,0.08475322398668877,0.21971758819359788,0.6181082597808134,0.834498114966402,0.21246895812572564,0.2412116813778195,17.149189750820955,26.181991567235723,08-12-2020,1.6523915776218379,1.7406496085870469
177,0.14745470135474995,0.17900649135416377,0.10773421995638659,0.2341942433400893,0.5987457014551242,0.7967548828912757,0.22394681041847098,0.2469456341137815,17.33736154102754,26.506183537881775,09-12-2020,1.6724335535325783,1.7499728276849078
178,0.15223355548650536,0.17796289695767636,0.0965354348860928,0.21282051571409463,0.6352265592273131,0.8160063407146813,0.21607860829887582,0.2405564348497329,20.808842544831652,32.444975792408975,10-12-2020,1.654722147860771,1.7246983304338874
179,0.14198150151809275,0.17329281013204414,0.06975717267700901,0.2044691699655433,0.6178856883810759,0.8504983486563343,0.20112329510481966,0.23073353240822458,18.63824536441461,28.693314606944814,11-12-2020,1.5413306206809156,1.6232322279614464
180,0.15564439542423836,0.1837555236055846,0.013203882011261329,0.1003633394232773,0.7478651023873416,0.9636796614824824,0.18899514099060435,0.21131719199194768,19.842258995768617,31.70952571412482,12-12-2020,1.494322762883112,1.6322074553870454
181,0.15187529260189866,0.1739169729413617,0.02527568795721042,0.10202579701934042,0.7418502614742029,0.9292834409343751,0.18380786957699882,0.20578615670990344,23.449967433297665,36.75302262718705,13-12-2020,1.4631841528159197,1.55795221959126
182,0.15663821776923895,0.18585255286176797,0.10254136554322178,0.22268812152673648,0.6313521771723839,0.8160457884230876,0.22530203971035936,0.2501603863070119,28.096715610777444,47.92203760059351,14-12-2020,1.7094392435907677,1.789183004665068
183,0.166987625062191,0.19618722016040605,0.09814998771128444,0.23996883408182418,0.6471128401254415,0.840180525265829,0.2373168735130508,0.2615367254600912,21.38817601187628,32.28435315629731,15-12-2020,1.8169394057931114,1.9178598951188517
184,0.15664763214882416,0.18217134966697032,0.08299085068813288,0.21688459682784705,0.6768306199943138,0.8634671415253016,0.20948563069454884,0.23345384216655463,24.505871919639617,41.13096234769804,16-12-2020,1.646773065914733,1.7458865654339353
185,0.1402220833758277,0.16539504197163757,0.08132021539395815,0.22401534857323213,0.6565856878872816,0.8594694337515796,0.19229754572605193,0.21748404653470302,21.620696488288296,34.42122031914972,17-12-2020,1.5269697148994237,1.6152970102773447
186,0.13331509099047045,0.152125008014205,0.07511110458586007,0.19186623200111985,0.6703882665612036,0.854528417446161,0.17794717033779983,0.19928285761404363,28.430820153503433,45.819276836091376,18-12-2020,1.3992057713482413,1.4700891422946374
187,0.12699651183344868,0.14583065707673665,-0.00608161704114392,0.06619070214665027,0.8009435681077912,1.0207420000146235,0.14176087802042792,0.16024646802067505,29.566920429261746,51.25901919058177,19-12-2020,1.1891959623670658,1.2959505867292622
188,0.11152205869098078,0.12988364830898474,0.006286475698207548,0.08430175158330017,0.7304687387847973,0.9768523174950293,0.1329732944777786,0.15472099695730396,29.76911884258891,54.895483386170646,20-12-2020,1.0733445251613225,1.1545854258635078
189,0.10772311740305901,0.12454388783081216,0.030517876260434833,0.1704026498016117,0.7025934268665629,0.9382333362356177,0.13084122077693158,0.15231721967271436,33.941502927783574,62.12351538503185,21-12-2020,1.1005362737057658,1.1733501187377608
190,0.11526820505105412,0.13440147606503747,-0.010144320313982108,0.13636338252897223,0.7616985432516902,1.0204205535787452,0.1299468651774304,0.15156004952891886,31.98168466510602,52.763245738237295,22-12-2020,1.1255932972494203,1.1947956252040326
191,0.10575297737146631,0.1225671151432508,0.010654485015552995,0.15564861640847424,0.7114624462406903,0.9768784959171165,0.125516225162444,0.1474303197530351,28.06583032871231,46.96705988523795,23-12-2020,1.0674153949951548,1.1373005454855507
192,0.09043279610402884,0.1033436302369202,0.0317266202548012,0.18673667764722301,0.6897977891260796,0.9367441090377175,0.10909659514952776,0.13146579221458174,32.69443729361632,56.87272173357979,24-12-2020,0.9249862539268968,1.0357770664557222
193,0.08201635811655263,0.09362454286109617,0.13601070461975165,0.43876035440457656,0.6671932146968029,0.878137417104815,0.10521973630804952,0.12349739987166414,32.04680533440778,65.42847922391856,25-12-2020,0.9639905621489995,1.3183087068224701
194,0.08048754257371231,0.09219739327282568,0.008832451737576023,0.11754693393392783,0.672784961396966,0.969110745088844,0.09430810784895872,0.11856049321395543,43.66128695605054,126.26645118843925,26-12-2020,0.8002350100709625,0.8449357658379817
195,0.08363586154082474,0.09634698181517982,0.0035287382735113087,0.08816423949542589,0.6841389378954297,0.9842327174026307,0.09722681480210126,0.12117320968513465,32.026945412434976,66.4941877090979,27-12-2020,0.8036504659733456,0.8580153481733165
196,0.08885363514199306,0.10492424965228489,0.03068273728394701,0.22344944527600985,0.6586002739087873,0.9425302069896947,0.11121849938996348,0.1363842757854828,30.80482791502346,53.96871651827446,28-12-2020,0.9418717286501137,1.0661948401998762
197,0.09174454132180623,0.11085098047776021,0.006050745384155665,0.22259227426604247,0.6658697322221937,0.9887723613453941,0.1099071812220779,0.13764674684100203,26.45985209864063,49.008372894995034,29-12-2020,0.9742958826566708,1.0967772485100253
198,0.08578767015814598,0.09998493037108946,-0.060729378605428624,0.11282045788464806,0.7738936716572762,1.1560082744321225,0.08595474088042651,0.1120021604978181,32.40888468770391,60.49867026880129,30-12-2020,0.821231712382563,0.9046800434975351
199,0.08085698465145191,0.09319003147779009,-0.008715259669142895,0.21359305951692653,0.6745426943103532,1.017302714081569,0.0925375484324565,0.12089733160557727,29.39044394568411,63.261939213032306,31-12-2020,0.8130340910227464,0.9252155888543786
